AP,gt,kni,kr,hb,time
4,7.77125,68.0625,13.18,94.60333333333334,1
5,8.967777777777778,70.40888888888888,13.17,106.805,1
6,10.98111111111111,69.81777777777778,13.888571428571428,119.58,1
7,11.724545454545455,70.33272727272727,14.3,119.83375000000001,1
8,11.685833333333333,63.343333333333334,14.811111111111112,133.99,1
9,13.1435,63.589,14.773333333333333,134.58666666666667,1
10,14.14611111111111,58.69777777777778,14.867272727272727,136.84,1
11,15.621764705882352,60.546470588235294,15.156666666666666,149.94444444444446,1
12,16.622777777777777,62.00055555555556,15.122,141.915,1
13,18.239583333333332,58.27333333333333,14.955714285714286,144.51214285714286,1
14,20.5765,58.9495,16.03,158.07363636363635,1
15,23.896,58.577,15.370000000000001,149.03714285714287,1
16,27.646,56.527,15.351333333333333,156.37733333333333,1
17,32.42473684210526,57.858947368421056,15.460909090909091,151.51909090909092,1
18,35.48217391304348,54.735652173913046,15.506470588235294,157.72294117647058,1
19,45.31666666666666,53.27777777777778,15.58,157.8876923076923,1
20,51.32625,49.86083333333333,15.377222222222223,156.33166666666668,1
21,59.9255,50.614,15.394705882352941,156.96823529411765,1
22,61.28076923076923,49.26423076923077,15.20875,159.423125,1
23,64.95272727272727,46.35045454545455,15.42157894736842,163.28263157894736,1
24,70.4555,43.1445,15.226111111111111,162.875,1
25,70.81304347826087,43.86608695652174,14.8225,161.8885,1
26,73.06038461538462,43.77153846153846,15.831666666666667,165.0861111111111,1
27,76.5475,43.75607142857143,15.625,163.59863636363636,1
28,77.12241379310345,40.89689655172414,15.99409090909091,167.025,1
29,76.9026923076923,40.91576923076923,15.5335,164.0975,1
30,80.10714285714286,42.082142857142856,15.798636363636364,159.37318181818182,1
31,77.95222222222222,41.55962962962963,16.035,158.33115384615385,1
32,77.05269230769231,41.04423076923077,15.945769230769232,155.2573076923077,1
33,78.64192307692308,42.36807692307692,16.201052631578946,150.15421052631578,1
34,75.56107142857142,40.99392857142857,16.510416666666668,143.92416666666668,1
35,70.82333333333334,41.13,17.37,146.0348275862069,1
36,69.169,41.694,18.40695652173913,147.79782608695652,1
37,64.65222222222222,40.15518518518518,18.9025,140.7925,1
38,60.84375,42.1325,19.2972,133.0584,1
39,53.06103448275862,39.55689655172414,20.586153846153845,133.23038461538462,1
40,50.76814814814815,40.76814814814815,22.508,130.685,1
41,44.739666666666665,41.08733333333333,23.4808,118.9528,1
42,40.52862068965517,40.288275862068964,26.67076923076923,116.34538461538462,1
43,33.75939393939394,39.72666666666667,28.092173913043478,108.86,1
44,30.910882352941176,41.13205882352941,30.926296296296297,100.16333333333333,1
45,25.634516129032257,39.63322580645161,34.8472,92.7276,1
46,23.26,40.433103448275865,37.996,84.62,1
47,21.32,39.75484848484849,41.661153846153844,78.02461538461539,1
48,18.886363636363637,38.838787878787876,45.465625,58.7225,1
49,18.66794117647059,40.35294117647059,51.06346153846154,54.31730769230769,1
50,17.361142857142855,39.97371428571429,52.71476190476191,44.525238095238095,1
51,17.135675675675675,40.51810810810811,59.48,38.27,1
52,15.976216216216216,38.54783783783784,63.12464285714286,32.075,1
53,15.833333333333334,40.45305555555556,66.36142857142858,25.562142857142856,1
54,16.79235294117647,42.94117647058823,67.61413793103448,20.866206896551724,1
55,16.8278125,46.025625,68.2441935483871,16.96,1
56,16.20542857142857,46.84885714285714,71.13863636363637,14.786818181818182,1
57,16.01076923076923,50.25666666666667,68.46103448275862,12.571379310344827,1
58,16.48972972972973,57.56918918918919,68.01096774193549,11.182580645161291,1
59,16.509428571428572,64.49028571428572,65.31038461538462,9.258076923076922,1
60,15.641578947368421,69.55973684210527,61.25653846153846,8.133076923076922,1
61,15.1985,73.885,55.93677419354839,6.795483870967741,1
62,15.51,80.21108108108108,51.715185185185184,6.178888888888889,1
63,15.263076923076923,85.66179487179487,46.34928571428571,5.645357142857143,1
64,15.71609756097561,93.58829268292683,41.79576923076923,4.860384615384615,1
65,17.340285714285713,101.98171428571429,35.33461538461538,4.155384615384615,1
66,18.254054054054055,105.80108108108108,31.2368,3.7772,1
67,18.14,102.40388888888889,26.20111111111111,3.1777777777777776,1
68,20.19878787878788,105.13878787878788,22.91032258064516,2.931935483870968,1
69,22.15705882352941,102.09794117647058,20.19655172413793,2.5879310344827586,1
70,25.29909090909091,98.65212121212122,18.416071428571428,2.5207142857142855,1
71,27.92,93.21894736842106,16.204,2.183333333333333,1
72,31.481463414634145,87.31121951219512,15.211724137931036,2.1262068965517242,1
73,37.29060606060606,84.35848484848485,14.353333333333333,2.1366666666666667,1
74,39.6525,75.510625,12.392758620689655,2.027241379310345,1
75,44.050285714285714,67.09914285714285,12.815666666666667,1.93,1
76,51.11888888888889,63.53296296296296,12.130454545454546,1.8318181818181818,1
77,55.51833333333333,54.06166666666667,11.955769230769231,1.7203846153846154,1
78,57.743,48.318,10.657407407407407,1.6855555555555555,1
79,62.739230769230765,45.29038461538462,10.7225,1.7053571428571428,1
80,58.151153846153846,42.33615384615385,10.468076923076923,1.785,1
81,58.19814814814815,38.867777777777775,10.246,1.9296,1
82,58.1204347826087,37.122608695652175,9.952962962962962,2.037777777777778,1
83,55.69555555555556,34.28666666666667,9.462272727272728,1.9822727272727272,1
84,53.54083333333333,33.10791666666667,8.914615384615384,2.0676923076923077,1
85,49.836363636363636,31.490909090909092,9.468571428571428,2.584761904761905,1
86,46.36208333333333,30.532916666666665,8.9955,2.8485,1
87,44.125,30.0765,8.893157894736841,3.536842105263158,1
88,40.324,28.9664,8.598571428571429,4.416190476190476,1
89,35.022999999999996,29.3855,8.588571428571429,4.798571428571429,1
90,32.16,30.002777777777776,8.758571428571429,5.563571428571429,1
91,28.375,29.047142857142855,8.052777777777777,5.485555555555556,1
92,27.01888888888889,27.74222222222222,8.3425,7.430625,1
93,21.88,27.086315789473684,8.233333333333334,8.258666666666667,1
94,21.725833333333334,26.06,8.225,8.212142857142856,1
95,20.492142857142856,25.595714285714287,7.625454545454545,10.042727272727273,1
96,17.82076923076923,23.796153846153846,7.7275,10.02625,1
97,15.579090909090908,22.135454545454547,7.326,11.294,1
98,14.502857142857144,19.141428571428573,6.83,9.299999999999999,1
4,4.9225,85.535,17.933333333333334,100.18333333333334,2
5,6.060909090909091,85.82909090909091,19.54,113.15833333333333,2
6,7.765,89.11083333333333,20.18,124.94285714285715,2
7,7.498333333333333,82.865,20.73,134.43285714285713,2
8,9.352,90.791,22.288888888888888,153.92444444444445,2
9,9.86357142857143,88.14071428571428,23.71,169.16416666666666,2
10,11.706111111111111,82.72555555555556,25.083333333333332,172.235,2
11,12.717222222222222,79.13111111111111,23.83642857142857,176.12785714285712,2
12,15.498666666666667,77.502,25.647333333333332,187.83466666666666,2
13,17.634666666666668,71.42733333333334,26.387333333333334,189.40466666666666,2
14,23.726666666666667,79.85444444444444,26.975454545454546,194.70363636363638,2
15,26.6228,71.9872,27.42,197.95374999999999,2
16,37.759523809523806,75.65761904761905,28.171499999999998,202.606,2
17,44.60578947368421,70.26105263157895,26.508125,199.253125,2
18,55.92809523809524,71.87,28.95,207.579375,2
19,59.175714285714285,65.40523809523809,28.710526315789473,207.1578947368421,2
20,73.73142857142857,66.7552380952381,29.447391304347825,211.39304347826086,2
21,82.91791666666667,62.59625,29.999473684210525,211.61894736842106,2
22,93.44260869565217,55.90521739130435,32.4588,219.958,2
23,98.99681818181818,51.16590909090909,29.44304347826087,211.41782608695652,2
24,111.08625,51.209583333333335,30.884761904761906,212.59238095238095,2
25,116.5759090909091,47.680454545454545,32.083636363636366,217.22727272727272,2
26,124.21346153846153,46.299615384615386,32.78592592592592,218.51555555555555,2
27,132.95535714285714,43.09892857142857,34.937599999999996,224.7788,2
28,135.77041666666668,41.9925,32.99153846153846,217.49346153846153,2
29,144.16925925925926,42.13074074074074,33.53370370370371,215.69407407407408,2
30,139.5053125,40.7625,33.842,215.6336,2
31,139.805,41.32964285714286,34.657916666666665,215.24625,2
32,137.36724137931034,42.09068965517241,37.748888888888885,220.1588888888889,2
33,133.08777777777777,42.505185185185184,36.1304,211.2072,2
34,118.05645161290323,41.420645161290324,36.65391304347826,205.97565217391303,2
35,103.8115625,40.664375,39.265,208.21541666666667,2
36,90.80689655172414,42.07931034482759,39.38551724137931,197.85206896551725,2
37,75.1703125,41.221875,45.385185185185186,199.45481481481482,2
38,57.192,40.39085714285714,47.66074074074074,192.1737037037037,2
39,45.99382352941176,39.79235294117647,53.48076923076923,180.82076923076923,2
40,37.04222222222222,41.58694444444444,50.86875,162.23125,2
41,29.91,40.50029411764706,62.69866666666667,160.77466666666666,2
42,26.345757575757577,41.99272727272727,71.7851724137931,148.81724137931036,2
43,21.01609756097561,40.02682926829268,84.6996551724138,137.73137931034483,2
44,19.4321875,41.6278125,94.788,122.548,2
45,17.783235294117645,41.92941176470588,106.255,103.04035714285715,2
46,15.911025641025642,40.63333333333333,121.39217391304348,89.57478260869566,2
47,16.368529411764705,42.160000000000004,126.70703703703704,76.75296296296297,2
48,15.01475,40.9715,134.82777777777778,68.07111111111111,2
49,14.52138888888889,40.507222222222225,135.57258064516128,51.586451612903225,2
50,14.067317073170733,41.028536585365856,139.560625,43.3728125,2
51,14.467777777777778,43.07511111111111,141.41333333333333,35.086333333333336,2
52,13.632051282051282,43.35051282051282,145.80821428571429,30.551785714285714,2
53,13.97875,45.973125,135.91533333333334,24.372333333333334,2
54,14.337777777777777,52.508,136.12628571428573,21.636,2
55,14.191162790697675,57.01186046511628,135.20266666666666,18.761666666666667,2
56,15.886904761904763,69.50952380952381,135.6796875,17.3103125,2
57,14.667435897435897,73.55564102564102,127.70551724137931,14.951724137931034,2
58,13.72875,78.2405,128.085,14.486,2
59,14.147857142857143,87.86,124.68111111111111,13.82037037037037,2
60,15.495675675675676,104.26243243243243,111.78969696969698,11.861212121212121,2
61,15.663333333333334,113.38428571428571,102.45033333333333,11.188333333333333,2
62,15.12975,116.75925,93.57433333333333,10.152000000000001,2
63,16.574358974358976,127.89,84.8248275862069,9.739655172413793,2
64,17.243,130.64575,69.62787878787879,8.979090909090909,2
65,18.12225,129.05425,58.873666666666665,8.036333333333333,2
66,20.162820512820513,130.24307692307693,48.747241379310346,7.24896551724138,2
67,22.876052631578947,125.53368421052632,41.524545454545454,6.8081818181818186,2
68,28.44525,124.3905,38.06258064516129,6.773225806451613,2
69,33.80179487179487,115.59897435897436,34.160666666666664,6.375333333333334,2
70,43.53971428571429,113.64314285714286,30.35181818181818,6.042121212121212,2
71,54.055757575757575,103.67151515151515,27.804333333333332,5.822,2
72,62.76705882352941,92.92382352941176,26.094,5.7044,2
73,67.78617647058823,81.86117647058823,25.3372,5.54,2
74,78.04885714285714,74.794,24.267586206896553,5.48,2
75,84.69272727272727,66.33060606060606,23.146538461538462,5.319615384615385,2
76,87.7658064516129,58.96322580645161,21.592758620689654,5.076206896551724,2
77,96.281,55.61633333333333,20.407307692307693,5.065384615384615,2
78,95.924,50.534666666666666,20.655454545454546,5.218636363636364,2
79,92.77259259259259,45.696666666666665,19.76,4.986,2
80,94.2864,43.9548,18.6,5.090344827586207,2
81,87.93185185185185,40.122962962962966,18.881363636363638,5.198181818181818,2
82,83.44666666666667,38.20166666666667,18.170416666666668,5.707083333333333,2
83,82.80583333333334,38.20458333333333,16.88222222222222,6.176111111111111,2
84,69.8308,35.3696,16.83222222222222,6.794814814814814,2
85,64.6056,34.4568,17.27941176470588,7.320588235294117,2
86,62.34571428571429,35.06857142857143,16.10904761904762,8.857142857142858,2
87,52.8204,32.9428,14.288181818181819,9.906363636363636,2
88,46.54625,32.475,15.318636363636363,12.645909090909091,2
89,40.40565217391304,31.987826086956524,14.122272727272728,13.025454545454545,2
90,37.53941176470588,32.78941176470588,14.227142857142857,14.035,2
91,32.548235294117646,32.73235294117647,13.68375,13.459375,2
92,25.23217391304348,30.58608695652174,12.925,12.82875,2
93,23.117,30.026,12.873076923076923,11.83,2
94,20.10142857142857,27.70357142857143,10.89,11.136363636363637,2
95,18.145,26.88,10.614444444444445,9.533333333333333,2
96,15.355384615384615,26.04153846153846,10.044285714285714,9.092857142857143,2
97,13.62875,24.5575,9.75,7.996,2
98,11.095555555555556,20.883333333333333,8.375,6.824999999999999,2
4,8.721666666666668,60.30833333333334,6.3,92.24666666666667,3
5,9.5625,54.527499999999996,6.05,96.90666666666667,3
6,11.062222222222223,56.66222222222222,6.6875,104.105,3
7,11.773333333333333,53.94444444444444,7.03,106.16714285714286,3
8,12.38111111111111,47.58222222222222,7.264,112.744,3
9,14.267142857142858,46.34428571428572,7.238333333333333,118.25666666666666,3
10,15.443333333333333,52.596666666666664,7.21,124.89222222222222,3
11,17.096666666666668,39.712,7.371111111111111,132.10555555555555,3
12,17.803684210526317,34.373684210526314,7.168333333333333,125.93416666666667,3
13,21.201363636363638,37.291363636363634,7.0175,127.51625,3
14,24.60421052631579,40.31894736842105,7.355,133.8025,3
15,29.341333333333335,33.33733333333333,7.538333333333333,138.59333333333333,3
16,34.59705882352941,34.264117647058825,7.193636363636363,134.22454545454545,3
17,45.55,35.9505,7.524285714285714,136.18642857142856,3
18,54.53578947368421,31.19684210526316,7.683076923076923,141.15076923076924,3
19,66.50714285714285,34.049285714285716,7.5723529411764705,136.50294117647059,3
20,85.80157894736843,33.04105263157895,7.619230769230769,141.27846153846153,3
21,103.96176470588236,30.931764705882355,7.785,145.7855,3
22,114.11541666666666,29.30125,7.8486666666666665,148.286,3
23,123.58588235294118,25.726470588235294,7.9057894736842105,148.79526315789474,3
24,140.8532,26.592,8.335625,155.67625,3
25,139.1465,25.0045,8.546315789473685,155.2921052631579,3
26,148.96458333333334,23.275,8.126666666666667,146.65208333333334,3
27,159.56541666666666,22.882916666666667,8.394736842105264,152.89947368421053,3
28,163.98956521739132,22.50304347826087,8.722222222222221,151.145,3
29,174.61666666666667,22.636666666666667,8.978636363636364,156.275,3
30,189.42892857142857,23.91357142857143,9.4336,157.1204,3
31,193.79043478260868,24.32,9.356,149.0152,3
32,191.41222222222223,24.377037037037038,9.640869565217391,142.7173913043478,3
33,190.3651851851852,24.002962962962965,10.328095238095237,147.29142857142858,3
34,180.56807692307692,24.232692307692307,10.407619047619047,144.6847619047619,3
35,177.39379310344827,24.46896551724138,11.239565217391304,146.30521739130435,3
36,170.0085185185185,24.806666666666665,12.187391304347827,137.7886956521739,3
37,147.83612903225807,24.731935483870966,13.90074074074074,138.6737037037037,3
38,128.69333333333333,23.879,15.847083333333334,145.94166666666666,3
39,104.7,24.75,17.49772727272727,129.6390909090909,3
40,79.74678571428572,25.012857142857143,21.071666666666665,123.66375,3
41,58.644814814814815,24.85851851851852,26.377407407407407,123.39518518518518,3
42,44.88171428571429,25.62742857142857,31.546666666666667,120.54958333333333,3
43,34.32911764705882,26.376176470588234,36.44904761904762,97.87285714285714,3
44,27.13586206896552,25.568620689655173,45.18655172413793,87.68655172413793,3
45,23.801764705882352,26.550882352941176,55.38777777777778,76.89481481481481,3
46,20.64578947368421,25.792894736842104,63.887241379310346,60.65689655172414,3
47,19.233333333333334,26.243076923076924,72.4875,44.29678571428571,3
48,18.039428571428573,26.290857142857142,78.84966666666666,35.151666666666664,3
49,16.91186046511628,26.426279069767443,85.09896551724138,26.209655172413793,3
50,16.96,28.067631578947367,84.74125,19.42625,3
51,16.54341463414634,28.912195121951218,91.7544827586207,16.8951724137931,3
52,15.85342105263158,29.19236842105263,92.54222222222222,12.577777777777778,3
53,15.443333333333333,30.659333333333333,94.52321428571429,10.625357142857142,3
54,15.282727272727273,34.556363636363635,91.20310344827587,8.094827586206897,3
55,15.225744680851063,40.48063829787234,94.328,7.339,3
56,15.30054054054054,48.21648648648649,91.88692307692308,6.4265384615384615,3
57,15.162222222222223,55.861333333333334,82.43758620689655,5.111724137931034,3
58,15.199523809523809,67.61,78.2948,4.5852,3
59,14.929024390243903,81.1609756097561,67.45592592592592,3.7825925925925925,3
60,14.731842105263159,93.33473684210526,58.25703703703704,3.3085185185185186,3
61,15.794054054054055,110.05297297297297,53.7132,3.3988,3
62,15.336585365853658,115.60731707317073,42.0844,2.8672,3
63,15.423023255813954,120.59348837209302,34.448214285714286,2.5196428571428573,3
64,17.344594594594593,132.87675675675675,27.365172413793104,2.2272413793103447,3
65,21.13918918918919,138.37864864864864,22.98,2.0725,3
66,22.498636363636365,125.21045454545455,18.9490625,1.9059375,3
67,27.374634146341464,118.76414634146342,16.755,1.9003571428571429,3
68,36.699230769230766,111.33461538461539,15.325416666666667,1.80375,3
69,49.434411764705885,103.17029411764706,14.030416666666667,1.6804166666666667,3
70,59.866,91.394,13.565185185185186,1.7692592592592593,3
71,71.289,78.449,12.429130434782609,1.6043478260869566,3
72,85.03,70.34025641025642,12.3136,1.7732,3
73,101.64,64.38030303030303,11.785416666666666,1.7808333333333333,3
74,99.51825,55.149,11.435,1.804,3
75,108.772,51.02542857142857,11.075217391304347,1.9608695652173913,3
76,113.50923076923077,46.996538461538464,11.22857142857143,2.453333333333333,3
77,102.00764705882352,42.34411764705882,11.009166666666667,3.1104166666666666,3
78,96.20096774193549,39.02451612903226,10.84551724137931,4.554137931034483,3
79,92.11133333333333,37.193,11.065263157894737,6.0600000000000005,3
80,82.85258064516128,34.98516129032258,10.915238095238095,7.81952380952381,3
81,75.86206896551724,34.10896551724138,11.054117647058824,9.891764705882354,3
82,72.92379310344828,32.959310344827585,11.298148148148147,13.75074074074074,3
83,67.1552,32.2584,11.372727272727273,18.025,3
84,61.7392,31.5824,11.081052631578947,17.64315789473684,3
85,55.32038461538461,31.08923076923077,11.100999999999999,20.894000000000002,3
86,49.801071428571426,31.066785714285714,11.27875,24.60875,3
87,45.93772727272727,32.59318181818182,10.92157894736842,23.25421052631579,3
88,38.51769230769231,31.353846153846153,11.096428571428572,26.752142857142857,3
89,35.32043478260869,30.47304347826087,10.734285714285715,24.61857142857143,3
90,31.635185185185186,32.00259259259259,11.067142857142857,27.35,3
91,27.01391304347826,30.952608695652174,10.510833333333332,26.409166666666668,3
92,23.527368421052632,30.587894736842106,10.692727272727273,24.28272727272727,3
93,20.20576923076923,29.544615384615383,10.308181818181819,22.824545454545454,3
94,18.27722222222222,29.272222222222222,10.49375,20.2075,3
95,16.435333333333332,27.640666666666668,10.1075,15.5425,3
96,14.911818181818182,26.12818181818182,9.261666666666667,13.968333333333334,3
97,14.271666666666667,23.541666666666668,9.27,12.824,3
98,12.99,22.81,9.36,10.149999999999999,3
4,10.636666666666667,83.04333333333334,27.335,110.465,4
5,12.02375,85.4025,27.22714285714286,117.78285714285714,4
6,13.178181818181818,81.12454545454545,28.468,136.306,4
7,14.094444444444445,83.94333333333333,28.226,142.92,4
8,16.011,82.563,27.7225,136.46875,4
9,16.698999999999998,79.676,30.242727272727272,164.56272727272727,4
10,18.47818181818182,72.76,29.685,177.94375,4
11,19.999285714285715,69.48357142857142,30.082,178.464,4
12,20.339444444444446,57.40277777777778,29.35909090909091,185.9009090909091,4
13,24.15076923076923,66.46461538461539,30.64153846153846,197.82615384615386,4
14,27.93235294117647,62.12352941176471,31.13090909090909,206.55545454545455,4
15,31.132727272727273,54.85727272727273,30.22,201.26916666666668,4
16,37.608666666666664,51.57066666666667,29.8,195.9,4
17,42.776428571428575,55.972857142857144,29.640666666666664,203.26466666666667,4
18,51.74368421052631,56.30947368421052,28.391333333333332,194.54133333333334,4
19,64.64583333333333,52.255833333333335,29.703333333333333,198.624,4
20,81.493,50.424,29.67125,202.225625,4
21,98.55421052631579,52.37894736842105,29.29157894736842,195.06578947368422,4
22,108.53333333333333,47.86944444444445,28.695,199.546875,4
23,118.89772727272728,43.57636363636364,29.14764705882353,198.8929411764706,4
24,129.18959999999998,38.9764,28.78857142857143,197.72333333333333,4
25,139.921,37.989,29.908,203.678,4
26,147.57875,35.85916666666667,29.472272727272728,195.07090909090908,4
27,149.18571428571428,31.28107142857143,28.632105263157897,189.48631578947368,4
28,163.21730769230768,30.394615384615385,29.404999999999998,198.7190909090909,4
29,164.00923076923078,28.71807692307692,29.1984,192.0084,4
30,166.34137931034482,27.69965517241379,30.314,198.3832,4
31,171.08928571428572,27.76607142857143,30.384999999999998,198.80125,4
32,171.3364,27.6584,30.01607142857143,192.8492857142857,4
33,187.62555555555556,30.19185185185185,30.67875,193.6475,4
34,172.2774074074074,28.614814814814814,31.683846153846154,191.8873076923077,4
35,167.49916666666667,29.609583333333333,32.193600000000004,190.4944,4
36,152.5725,29.110277777777778,35.07928571428572,197.05821428571429,4
37,147.1125,28.3390625,34.685,191.5476923076923,4
38,138.00137931034482,29.579310344827586,37.04083333333333,194.94708333333332,4
39,129.3703125,29.811875,38.75758620689655,187.25620689655173,4
40,110.18933333333334,28.901333333333334,48.557037037037034,190.1662962962963,4
41,86.78566666666667,29.042333333333332,52.14423076923077,192.37846153846152,4
42,67.07333333333334,28.227333333333334,57.99629629629629,188.8088888888889,4
43,50.94,30.954,69.95354838709677,184.92870967741936,4
44,39.038,29.205142857142857,81.16478260869566,179.31521739130434,4
45,32.33685714285714,30.722857142857144,92.155,167.7078125,4
46,28.739444444444445,30.576944444444443,111.23857142857143,147.07107142857143,4
47,26.4559375,31.063125,124.68714285714286,130.90785714285715,4
48,24.7909375,30.8734375,136.57333333333332,100.32633333333334,4
49,23.673783783783783,31.31972972972973,146.74151515151516,79.0221212121212,4
50,22.36916666666667,30.984444444444446,154.36914285714286,64.04742857142857,4
51,21.60690476190476,31.393571428571427,161.595,44.57233333333333,4
52,21.23225,32.1455,156.9894117647059,34.465,4
53,21.667142857142856,34.994285714285716,152.45870967741936,24.04967741935484,4
54,21.26108108108108,36.57648648648649,166.64655172413794,21.806896551724137,4
55,20.063333333333333,41.382380952380956,158.9379411764706,17.104117647058825,4
56,21.3325,48.96725,152.53742857142856,13.512285714285714,4
57,20.72325,57.21975,148.40548387096774,11.754516129032258,4
58,21.845277777777778,71.59083333333334,140.0246875,10.219375,4
59,21.37025641025641,87.58051282051282,129.07030303030302,8.91,4
60,22.071081081081083,111.09351351351351,115.1253125,7.9653125,4
61,21.68857142857143,130.97142857142856,101.60911764705882,7.1258823529411766,4
62,22.59,152.30694444444444,85.39612903225806,6.41,4
63,22.524594594594596,158.38297297297296,69.151,5.809,4
64,23.89121951219512,168.6919512195122,55.16833333333334,5.057333333333333,4
65,26.313157894736843,173.11342105263157,43.98970588235294,4.698235294117647,4
66,28.303783783783782,166.9445945945946,38.39354838709677,4.5683870967741935,4
67,35.305749999999996,164.393,33.994,4.275333333333333,4
68,48.83888888888889,164.1486111111111,30.35,4.320967741935484,4
69,64.38263157894737,150.90894736842105,28.013333333333332,4.1896969696969695,4
70,86.8460606060606,125.63818181818182,25.88558823529412,4.094117647058823,4
71,96.375,113.67029411764706,23.797857142857143,3.989642857142857,4
72,127.50806451612904,87.34709677419355,23.437333333333335,4.188,4
73,125.67323529411765,83.74911764705882,22.78892857142857,4.219285714285714,4
74,145.42096774193547,68.85774193548387,21.368275862068966,4.618620689655172,4
75,144.67,63.72735294117647,21.649354838709677,5.686774193548387,4
76,137.8975,50.62625,21.070344827586208,7.441379310344828,4
77,129.77466666666666,47.340333333333334,21.2334375,9.8759375,4
78,118.0865625,41.2015625,20.44137931034483,13.02551724137931,4
79,102.11666666666666,38.022,19.2590625,17.554375,4
80,91.35137931034483,34.614137931034485,19.63423076923077,23.98423076923077,4
81,75.57038461538461,32.659615384615385,19.61037037037037,28.09037037037037,4
82,72.76285714285714,32.306785714285716,19.1512,31.4056,4
83,57.68217391304348,30.714782608695653,18.733846153846155,35.690384615384616,4
84,56.0808,30.5192,17.622142857142858,37.76571428571429,4
85,51.54083333333333,29.52583333333333,17.471176470588237,40.28411764705882,4
86,43.95708333333334,28.95916666666667,17.87181818181818,41.57681818181818,4
87,36.78740740740741,28.603333333333335,16.485625,38.2825,4
88,31.8496,29.0088,16.4695,40.5605,4
89,30.13086956521739,28.583913043478262,15.848888888888888,37.10888888888889,4
90,27.764444444444443,28.17222222222222,15.426470588235293,33.97,4
91,25.682777777777776,28.19111111111111,14.40625,25.5625,4
92,23.101666666666667,27.759444444444444,14.3085,21.9515,4
93,22.403333333333332,26.769444444444446,13.571176470588235,18.461176470588235,4
94,21.184166666666666,26.541666666666668,12.541428571428572,13.246428571428572,4
95,20.2,25.84916666666667,12.668333333333333,12.2075,4
96,18.886666666666667,24.0125,11.085833333333333,9.791666666666666,4
97,14.92625,22.185,10.08375,8.237499999999999,4
98,13.7275,20.8425,9.045,5.9399999999999995,4
4,8.6375,100.72,9.67,47.355000000000004,5
5,10.603333333333333,101.25333333333333,10.48,52.3975,5
6,10.444444444444445,93.44666666666667,11.795,60.625,5
7,11.305714285714286,89.01428571428572,12.66,64.69142857142857,5
8,12.13111111111111,80.87222222222222,13.8275,81.9225,5
9,12.957142857142857,76.19285714285714,15.145714285714286,88.55285714285714,5
10,12.926363636363636,68.50818181818182,15.596666666666668,93.57666666666667,5
11,13.879,67.669,16.069,98.75999999999999,5
12,14.320625,64.720625,16.256,111.785,5
13,14.843571428571428,44.94714285714286,16.826153846153847,120.64307692307692,5
14,15.658888888888889,48.71055555555556,14.351,117.565,5
15,18.8344,48.944,14.032727272727273,121.69818181818182,5
16,21.905454545454546,42.537727272727274,15.38857142857143,124.41214285714285,5
17,26.278125,42.49,13.429375,127.320625,5
18,37.1785,40.8975,13.051538461538462,133.23384615384614,5
19,52.815625,37.255625,13.165333333333333,130.01333333333332,5
20,62.02,44.198125,12.443846153846154,130.64076923076922,5
21,93.667,37.077,12.371,132.3325,5
22,108.764,38.125,13.059333333333333,137.04666666666665,5
23,115.977,37.47,13.077222222222222,138.71666666666667,5
24,132.36,34.694583333333334,12.665263157894737,133.07947368421054,5
25,142.7221739130435,35.32304347826087,13.73235294117647,141.04117647058823,5
26,151.3704347826087,29.935652173913045,13.975454545454545,139.325,5
27,144.8488888888889,30.51185185185185,13.824347826086957,134.73565217391305,5
28,162.79749999999999,29.262,15.07764705882353,140.95235294117646,5
29,177.31291666666667,31.367083333333333,14.18608695652174,130.22826086956522,5
30,185.58060606060607,30.298787878787877,15.173809523809524,131.15809523809523,5
31,200.98192307692307,30.86576923076923,15.10875,124.99791666666667,5
32,213.81222222222223,27.413333333333334,16.652173913043477,131.33478260869566,5
33,210.39925925925925,24.99111111111111,17.37625,129.23041666666666,5
34,212.32961538461538,24.515384615384615,17.2968,129.3552,5
35,196.9630303030303,23.382424242424243,17.859583333333333,132.925,5
36,197.179,23.624666666666666,19.003478260869564,137.3078260869565,5
37,168.5084,22.5328,20.508181818181818,138.91727272727272,5
38,154.19666666666666,22.900333333333332,21.9276,141.0208,5
39,127.1225,22.99625,24.96035714285714,145.14607142857142,5
40,89.5551724137931,23.18793103448276,28.825,151.05807692307692,5
41,57.2275,22.771875,35.307037037037034,149.29407407407408,5
42,38.07705882352941,23.236176470588237,43.07769230769231,155.02769230769232,5
43,26.8825,23.5290625,50.59392857142857,151.95892857142857,5
44,21.1178125,23.0496875,67.40518518518519,140.71703703703704,5
45,18.15685714285714,23.186857142857143,92.6690625,134.3246875,5
46,16.120277777777776,23.15388888888889,108.883,107.931,5
47,14.645263157894737,23.25421052631579,129.9658064516129,81.4258064516129,5
48,13.992820512820513,23.65025641025641,139.68275862068967,59.096896551724136,5
49,13.393714285714285,24.48314285714286,144.64066666666668,46.477,5
50,13.569374999999999,25.7128125,155.15862068965518,38.789310344827584,5
51,12.577575757575758,26.063333333333333,152.3552777777778,29.3525,5
52,12.858333333333333,27.003333333333334,155.2159375,25.013125,5
53,12.52,30.415853658536587,148.4734375,21.3015625,5
54,12.467441860465117,36.50395348837209,152.7020588235294,20.46941176470588,5
55,12.237380952380953,45.510714285714286,140.08137931034483,17.164827586206897,5
56,13.043333333333333,59.42388888888889,135.70866666666666,16.452333333333332,5
57,13.513125,75.8021875,123.4946875,14.9115625,5
58,13.068918918918918,92.98162162162163,113.51514285714286,13.88,5
59,13.722564102564103,121.34307692307692,104.64357142857143,13.796785714285715,5
60,13.463589743589743,138.28205128205127,81.84233333333333,12.389666666666667,5
61,15.276486486486487,163.69864864864866,70.13125,11.5278125,5
62,16.004146341463414,169.96219512195123,56.598333333333336,11.401666666666667,5
63,19.462285714285713,181.10885714285715,45.96107142857143,11.072142857142858,5
64,23.670909090909092,180.29666666666665,39.752758620689654,10.437586206896551,5
65,33.415882352941175,174.73735294117648,32.979642857142856,10.4775,5
66,47.816857142857145,159.582,29.867333333333335,10.48,5
67,66.262058823529415,140.07852941176472,27.297333333333334,10.162,5
68,83.67272727272727,115.40757575757576,25.183666666666667,9.754333333333333,5
69,103.07131578947369,95.98447368421053,23.616296296296298,9.552592592592593,5
70,128.8478125,81.2275,23.512083333333333,10.319166666666666,5
71,135.4848484848485,65.70424242424242,22.7875,10.60892857142857,5
72,140.8790909090909,56.157575757575756,21.8024,10.595600000000001,5
73,139.631,46.034,22.198888888888888,11.878148148148147,5
74,131.11928571428572,41.69285714285714,20.85607142857143,12.959285714285715,5
75,118.75586206896551,36.927241379310345,21.58625,17.469166666666666,5
76,103.88448275862069,32.96310344827586,20.4784,22.580000000000002,5
77,89.65034482758621,30.279310344827586,20.47869565217391,26.668260869565216,5
78,72.89033333333333,28.981666666666666,20.6725,37.48916666666667,5
79,59.82821428571429,27.911428571428573,21.22090909090909,49.229090909090914,5
80,54.678,26.3336,20.627,57.4965,5
81,46.75666666666667,26.246666666666666,19.73,65.9447619047619,5
82,38.346538461538465,25.491153846153846,20.0344,77.694,5
83,35.31476190476191,24.754761904761903,20.966666666666665,91.4695238095238,5
84,31.634,23.53,19.5488,89.3916,5
85,26.25095238095238,23.556190476190476,20.028947368421054,94.90157894736842,5
86,23.614074074074075,22.92851851851852,19.72,92.85117647058823,5
87,21.1024,23.5304,19.034375,88.163125,5
88,18.52,22.007,18.428823529411765,76.28411764705882,5
89,17.968,22.036,18.465555555555554,68.03666666666666,5
90,16.48913043478261,22.70521739130435,17.459411764705884,55.21176470588235,5
91,15.255384615384616,22.077692307692306,17.191875,48.85625,5
92,13.96111111111111,21.432222222222222,16.918181818181818,38.79818181818182,5
93,12.819230769230769,20.913076923076925,16.646,29.537,5
94,12.508333333333333,21.093333333333334,16.14666666666667,23.941111111111113,5
95,11.140588235294118,18.99823529411765,16.16,19.22125,5
96,10.371,17.504,15.082,17.192,5
97,8.84,16.163636363636364,14.825,14.5875,5
98,7.733333333333333,14.445555555555556,13.285,13.665,5
4,7.664,94.10000000000001,11.703333333333333,62.32333333333333,6
5,9.36,91.47142857142858,12.976,74.122,6
6,9.105,86.534,14.104,83.254,6
7,10.641,81.933,16.07,95.5575,6
8,12.032727272727273,71.3190909090909,14.235,102.23166666666667,6
9,10.315384615384616,78.18307692307692,16.727272727272727,112.31636363636363,6
10,9.98,67.8323076923077,16.5525,124.70875,6
11,9.321111111111112,62.82222222222222,18.58888888888889,124.66888888888889,6
12,10.334666666666667,60.111333333333334,20.291666666666668,138.42,6
13,11.015555555555556,49.855555555555554,18.242727272727272,141.16,6
14,14.01,51.78764705882353,18.220909090909092,140.27363636363637,6
15,16.073333333333334,52.18333333333333,21.6,152.2175,6
16,25.83590909090909,54.63545454545454,17.632857142857144,147.15285714285713,6
17,34.47588235294118,52.720588235294116,16.008,140.36466666666666,6
18,63.23105263157895,56.27263157894737,14.685384615384615,139.5376923076923,6
19,57.27125,59.699375,14.866470588235295,146.04941176470587,6
20,76.59809523809524,58.104285714285716,14.667857142857143,145.98357142857142,6
21,88.00153846153846,54.71038461538461,14.891875,146.82625,6
22,97.67619047619047,54.86333333333334,15.648947368421053,147.66368421052633,6
23,90.90608695652173,54.901739130434784,14.49,140.37222222222223,6
24,94.6923076923077,50.793846153846154,15.262631578947369,146.38736842105263,6
25,97.67479999999999,49.7312,15.84,147.3395652173913,6
26,105.73481481481481,48.44740740740741,16.52,149.58052631578948,6
27,115.47535714285715,48.30642857142857,15.938260869565218,141.83260869565217,6
28,123.042,46.0284,15.976,134.5784,6
29,131.21827586206896,42.1648275862069,17.18111111111111,137.1674074074074,6
30,147.01857142857142,45.203809523809525,17.3084,132.0076,6
31,147.6689655172414,35.54793103448276,18.20625,127.9325,6
32,151.3425,30.33,19.636,136.8988,6
33,152.52866666666668,29.350666666666665,19.124642857142856,130.21571428571428,6
34,158.541875,29.56375,20.16433333333333,139.24566666666666,6
35,141.59137931034482,28.784137931034483,20.938214285714285,134.82357142857143,6
36,135.8025,29.355714285714285,23.0108,138.1272,6
37,110.31857142857143,27.967142857142857,24.458275862068966,132.84724137931033,6
38,93.151875,28.2809375,28.638666666666666,136.38833333333332,6
39,77.87275862068965,30.185172413793104,34.855357142857144,151.9832142857143,6
40,47.0096875,29.3440625,41.27551724137931,145.38931034482758,6
41,31.012424242424242,30.204848484848487,55.669,159.12033333333332,6
42,20.147222222222222,29.051944444444445,72.60827586206896,162.51862068965517,6
43,17.098387096774193,30.351935483870967,89.91862068965517,148.3693103448276,6
44,13.741212121212122,30.078787878787878,115.05166666666666,137.804,6
45,13.048823529411765,30.295,136.64666666666668,113.08333333333333,6
46,12.208387096774194,30.81741935483871,154.59655172413792,87.27103448275862,6
47,12.373888888888889,31.8125,161.96428571428572,60.17142857142857,6
48,11.218529411764706,31.054411764705883,160.2881818181818,38.81818181818182,6
49,10.598,30.485,163.39322580645162,29.00774193548387,6
50,11.18969696969697,32.43363636363637,177.31942857142857,23.52942857142857,6
51,11.102903225806452,34.66967741935484,171.46552631578948,16.822894736842105,6
52,10.684594594594595,34.61810810810811,168.29057142857144,13.492285714285714,6
53,10.945581395348837,39.381860465116276,171.08875,11.863125,6
54,10.487948717948719,46.04435897435897,164.19485714285713,10.000285714285715,6
55,10.389024390243902,52.24121951219512,144.20314285714286,8.028571428571428,6
56,11.088378378378378,63.226486486486486,142.2946875,7.6146875000000005,6
57,11.211515151515151,71.81545454545454,134.75625,6.79375,6
58,11.267272727272728,82.4339393939394,118.19969696969697,5.984848484848484,6
59,11.144871794871795,100.72025641025641,102.60142857142857,5.364285714285714,6
60,11.32095238095238,122.05166666666666,79.934,4.632857142857143,6
61,12.551764705882352,143.85088235294117,62.81411764705882,4.122941176470588,6
62,13.162564102564103,158.57102564102564,48.684,3.7314285714285713,6
63,14.15121212121212,170.9648484848485,38.6490625,3.41625,6
64,15.127837837837838,171.9627027027027,31.7125,3.2725,6
65,20.554054054054053,177.58027027027026,27.433,3.0433333333333334,6
66,27.39818181818182,175.0269696969697,24.664545454545454,2.9415151515151514,6
67,37.625277777777775,162.955,22.811875,2.84375,6
68,55.97,150.32823529411763,21.486285714285714,2.9045714285714284,6
69,70.0478125,135.4228125,20.729,2.935,6
70,88.0879411764706,123.53205882352941,20.987000000000002,3.1203333333333334,6
71,111.66393939393939,100.21636363636364,20.13714285714286,3.3457142857142856,6
72,122.43121212121213,87.25212121212121,18.92322580645161,3.5383870967741937,6
73,120.38266666666667,76.404,18.89030303030303,4.776363636363636,6
74,122.50875,75.4353125,18.567096774193548,6.9396774193548385,6
75,125.93666666666667,65.44060606060606,18.09774193548387,8.84032258064516,6
76,114.60285714285715,54.14371428571429,18.80625,15.65125,6
77,102.248,52.420857142857145,18.40142857142857,23.341785714285713,6
78,96.91387096774193,45.785483870967745,18.57448275862069,31.986551724137932,6
79,87.72533333333334,45.38,19.592692307692307,48.22846153846154,6
80,75.90033333333334,42.11,18.536538461538463,53.61538461538461,6
81,66.792,39.405,17.9296,58.1428,6
82,60.082142857142856,38.573928571428574,17.87125,67.29625,6
83,46.202222222222225,37.16888888888889,18.865652173913045,85.09869565217392,6
84,35.66708333333333,36.882083333333334,18.033333333333335,84.12523809523809,6
85,35.84444444444444,34.70703703703704,17.836315789473684,85.4342105263158,6
86,26.37892857142857,34.128571428571426,17.01875,80.93625,6
87,22.937727272727273,34.11772727272727,17.55611111111111,80.41222222222223,6
88,18.375416666666666,34.59,16.775294117647057,70.80882352941177,6
89,15.555769230769231,34.25,16.12421052631579,59.04631578947369,6
90,14.58576923076923,35.87384615384615,15.338,48.833333333333336,6
91,13.637037037037038,33.260740740740744,15.135333333333334,39.882666666666665,6
92,13.037916666666666,32.83833333333333,15.246875,29.189375,6
93,12.676666666666666,32.41142857142857,14.721111111111112,22.51888888888889,6
94,10.7425,29.553125,14.411818181818182,19.7,6
95,9.719047619047618,28.814761904761905,14.63090909090909,16.943636363636365,6
96,8.579333333333333,28.151333333333334,14.04,15.0725,6
97,7.635,26.134999999999998,13.825,12.74625,6
98,6.845000000000001,24.006666666666668,13.23,12.193999999999999,6
4,6.67,85.91499999999999,9.222,43.296,7
5,7.98625,81.66375,10.68,53.8125,7
6,7.268571428571429,81.84142857142857,11.616,61.02,7
7,12.078888888888889,76.19444444444444,12.464,68.904,7
8,11.113636363636363,80.36818181818181,14.7125,86.53375,7
9,8.053333333333333,73.54166666666667,15.352857142857143,95.19571428571429,7
10,8.44923076923077,63.67076923076923,16.512,108.17,7
11,8.964615384615385,64.15230769230769,17.68375,115.8625,7
12,9.742307692307692,57.06230769230769,18.121111111111112,130.35333333333332,7
13,12.14,68.674,18.31153846153846,130.53846153846155,7
14,14.043529411764705,56.35176470588235,18.427692307692308,139.28230769230768,7
15,17.41470588235294,50.15176470588235,13.303749999999999,126.7825,7
16,21.03684210526316,55.28157894736842,17.16846153846154,145.07923076923078,7
17,31.216666666666665,57.025,14.676923076923076,136.72923076923075,7
18,46.25928571428571,72.74142857142857,13.549,138.713,7
19,57.32666666666667,59.17611111111111,13.648666666666667,143.136,7
20,84.158,56.628,13.923125,150.945,7
21,91.44826086956522,57.19130434782608,13.72,145.74,7
22,85.59105263157895,54.956315789473685,13.332857142857144,138.2357142857143,7
23,89.02,52.11260869565217,13.652631578947368,144.2536842105263,7
24,94.29684210526315,52.79631578947369,14.404444444444445,144.11388888888888,7
25,85.24461538461539,55.66307692307692,14.291363636363636,143.15772727272727,7
26,92.55380952380952,55.02761904761905,14.621666666666666,139.87,7
27,104.34642857142858,47.05285714285714,15.645,148.105,7
28,117.5696,42.1816,15.447083333333333,141.335,7
29,132.94115384615384,40.91538461538462,17.1492,144.896,7
30,153.23333333333335,34.96222222222222,17.10904761904762,138.35380952380953,7
31,165.20107142857142,27.29607142857143,17.820416666666667,144.23125,7
32,168.59392857142856,22.9375,17.866086956521738,140.29652173913044,7
33,175.6803846153846,22.136923076923075,19.326666666666668,144.01904761904763,7
34,150.41964285714286,21.04642857142857,19.92576923076923,142.48576923076922,7
35,141.31241379310345,21.175862068965518,20.62590909090909,144.6681818181818,7
36,119.67931034482758,20.56,22.559583333333332,148.04,7
37,103.24030303030302,20.67060606060606,25.156923076923075,142.66538461538462,7
38,73.06689655172414,21.31655172413793,28.61541666666667,146.18875,7
39,56.893793103448274,21.340344827586208,33.22958333333333,148.40041666666667,7
40,33.18833333333333,21.478666666666665,43.51148148148148,147.77925925925925,7
41,23.4809375,22.013437500000002,54.93241379310345,153.0358620689655,7
42,16.33111111111111,22.126666666666665,66.53,158.2803846153846,7
43,13.362058823529411,21.964117647058824,86.4016,146.0776,7
44,10.848888888888888,21.604444444444443,102.50064516129032,128.19258064516129,7
45,10.05090909090909,21.814848484848486,119.42538461538462,107.25423076923077,7
46,8.671794871794871,21.074615384615385,142.05382352941177,92.09,7
47,8.796666666666667,22.01030303030303,147.01444444444445,71.07888888888888,7
48,9.1,24.209230769230768,150.62433333333334,51.217333333333336,7
49,8.592631578947369,24.112894736842104,164.27882352941177,43.09058823529412,7
50,8.073714285714285,24.976857142857142,157.2409677419355,32.071290322580644,7
51,8.152,28.19675,158.118,27.010285714285715,7
52,7.987380952380953,32.912619047619046,155.85285714285715,23.6425,7
53,8.171794871794871,39.84794871794872,151.69566666666668,21.582,7
54,8.013939393939394,46.46818181818182,145.3553125,19.925,7
55,8.056842105263158,53.13184210526316,124.0553125,17.2325,7
56,8.099722222222223,61.75888888888889,112.14382352941176,14.987058823529411,7
57,8.767428571428571,73.45942857142857,108.1296875,16.4234375,7
58,9.101142857142857,96.75714285714285,95.72694444444444,14.762222222222222,7
59,8.559555555555555,109.09666666666666,73.6946875,13.1578125,7
60,8.89842105263158,128.42184210526315,58.15314285714285,12.340571428571428,7
61,9.495238095238095,144.1852380952381,46.746249999999996,11.9278125,7
62,11.511351351351351,159.88324324324324,36.452413793103446,10.79103448275862,7
63,13.087714285714286,159.44285714285715,31.693548387096776,11.045806451612902,7
64,17.961794871794872,158.53230769230768,28.108,11.195666666666666,7
65,26.007380952380952,155.53190476190477,24.720909090909092,10.666060606060606,7
66,37.891621621621624,145.63216216216216,23.189285714285713,10.928214285714287,7
67,52.69829268292683,132.5868292682927,21.037777777777777,10.145925925925926,7
68,72.58891891891892,113.64135135135135,20.606774193548386,10.200322580645162,7
69,84.30942857142857,101.592,19.77193548387097,9.970645161290323,7
70,102.8196875,85.8703125,20.144333333333332,10.513,7
71,110.69606060606061,70.22454545454545,18.811481481481483,10.365925925925925,7
72,115.3021875,61.9878125,17.8812,10.3084,7
73,119.064375,55.2434375,18.8788,12.1104,7
74,110.9115625,45.3946875,17.2388,12.3996,7
75,100.80703703703703,38.895185185185184,16.98,15.2325,7
76,89.89344827586207,33.22620689655172,17.01625,20.05,7
77,77.94,31.293928571428573,17.630434782608695,28.047826086956523,7
78,65.90035714285715,29.09857142857143,17.325416666666666,31.739583333333332,7
79,55.6,29.04111111111111,17.058695652173913,43.8604347826087,7
80,45.0225,26.052142857142858,16.971363636363638,52.275454545454544,7
81,35.2008,24.9168,16.8964,57.6324,7
82,33.9264,24.7016,18.113,79.1685,7
83,23.65206896551724,22.765862068965518,16.99,82.8364705882353,7
84,22.2,23.35625,16.639,85.0895,7
85,17.33782608695652,21.711304347826086,16.3,88.3425,7
86,15.311818181818182,22.56909090909091,16.087894736842106,83.79894736842105,7
87,13.8955,22.2245,14.822777777777778,75.15055555555556,7
88,12.066315789473684,21.085263157894737,15.661904761904761,74.69428571428571,7
89,11.029375,21.773125,14.439285714285713,59.840714285714284,7
90,10.132941176470588,20.92705882352941,14.134,50.516666666666666,7
91,9.417142857142856,21.426666666666666,13.793076923076923,42.628461538461536,7
92,8.383571428571429,20.463571428571427,13.038333333333334,31.763333333333332,7
93,8.646,19.495,13.235,25.52166666666667,7
94,7.71,19.232666666666667,12.42,21.18625,7
95,7.282,19.127333333333333,11.936666666666667,17.97,7
96,7.12875,18.53,11.305,15.56,7
97,6.372,17.5,11.554,14.852,7
98,5.253333333333333,16.451666666666668,10.132,11.956,7
4,7.65,155.6,20.443333333333335,61.901666666666664,8
5,11.495714285714286,155.32285714285715,21.901666666666667,71.63666666666667,8
6,14.996666666666666,153.54833333333335,23.984444444444446,83.64666666666666,8
7,17.356666666666666,140.04166666666666,27.04,92.59333333333333,8
8,18.47,131.97444444444443,25.148333333333333,93.05833333333334,8
9,20.725,135.71571428571428,29.62,119.58,8
10,23.312,124.655,29.079166666666666,122.2425,8
11,23.100625,111.056875,31.831,131.267,8
12,18.45529411764706,102.67941176470588,33.293,153.32,8
13,23.33388888888889,105.745,38.50181818181818,166.46,8
14,19.525714285714287,94.77285714285713,36.35181818181818,165.79818181818183,8
15,17.088333333333335,92.93833333333333,30.485384615384614,159.23923076923077,8
16,17.418095238095237,90.32238095238095,28.52642857142857,152.40571428571428,8
17,15.404782608695653,74.70347826086956,31.039166666666667,173.77416666666667,8
18,20.29157894736842,87.73947368421052,24.593888888888888,165.2577777777778,8
19,26.883478260869566,73.2804347826087,22.848,161.61933333333334,8
20,32.62842105263158,99.74526315789474,21.967857142857145,165.36857142857144,8
21,60.414,72.16499999999999,20.81470588235294,168.05470588235295,8
22,77.925,90.39136363636364,20.1485,164.6555,8
23,95.11473684210526,87.74368421052631,20.565555555555555,169.05333333333334,8
24,97.07000000000001,75.964,21.018947368421053,171.5042105263158,8
25,94.16130434782609,76.93608695652173,19.979333333333333,168.594,8
26,83.53583333333333,85.71625,20.0408,159.624,8
27,85.32000000000001,76.7688,20.410416666666666,163.55708333333334,8
28,81.43535714285714,74.705,21.388571428571428,165.77619047619046,8
29,86.08478260869565,65.53,21.18730769230769,162.59923076923076,8
30,95.15785714285714,54.24464285714286,23.3232,175.1748,8
31,117.32964285714286,66.09857142857143,22.340869565217393,165.15434782608696,8
32,122.24827586206897,62.351379310344825,24.295384615384616,165.79884615384614,8
33,137.60666666666665,53.35777777777778,24.096296296296295,160.2237037037037,8
34,142.90766666666667,43.91733333333333,25.5172,164.0956,8
35,156.9904,35.3356,25.05103448275862,149.94724137931036,8
36,140.89785714285713,32.55428571428571,26.851304347826087,162.75782608695653,8
37,136.60346153846154,32.00115384615385,28.444137931034483,157.29172413793103,8
38,128.36346153846154,31.43769230769231,29.68875,145.0215625,8
39,101.41909090909091,31.166666666666668,33.601851851851855,148.70925925925926,8
40,95.604,30.703666666666667,36.96677419354839,149.11290322580646,8
41,63.9515625,31.52,42.989285714285714,155.8242857142857,8
42,48.464814814814815,30.815555555555555,52.73862068965517,161.66724137931035,8
43,32.859117647058824,32.207058823529415,69.53965517241379,159.64,8
44,21.3121875,31.345,89.23677419354838,162.60064516129032,8
45,16.23787878787879,33.23969696969697,104.97185185185185,164.41592592592593,8
46,13.530606060606061,33.04333333333333,127.95060606060606,131.35484848484847,8
47,12.521724137931034,33.438620689655174,147.233,102.949,8
48,11.10970588235294,31.506764705882354,163.724375,84.4640625,8
49,10.432727272727274,32.50848484848485,160.96833333333333,58.55833333333333,8
50,9.942727272727273,32.53969696969697,164.4578787878788,40.63060606060606,8
51,10.025294117647059,34.57705882352941,171.494375,29.0628125,8
52,9.926666666666666,35.51166666666666,172.900625,22.295625,8
53,9.601041666666667,38.0225,175.58515151515152,17.322424242424244,8
54,9.710232558139534,42.290232558139536,165.425,12.411944444444444,8
55,9.211388888888889,49.434444444444445,165.23,11.138484848484849,8
56,9.61918918918919,60.27027027027027,147.30384615384617,8.763076923076923,8
57,9.625365853658536,72.7,126.202,7.25,8
58,10.240571428571428,90.79228571428571,119.16103448275862,6.472413793103448,8
59,9.622972972972972,99.5372972972973,106.72192307692308,5.873461538461538,8
60,9.89325,119.46725,94.97967741935484,5.177096774193548,8
61,10.427,145.171,81.275,4.724705882352941,8
62,11.309444444444445,165.42916666666667,58.671282051282056,3.8743589743589744,8
63,11.783947368421053,180.6184210526316,43.40969696969697,3.3075757575757576,8
64,13.592142857142857,189.84214285714285,34.70444444444445,3.020277777777778,8
65,16.596666666666668,185.41060606060606,29.65346153846154,3.022307692307692,8
66,20.85222222222222,180.02666666666667,25.178709677419356,2.75,8
67,31.343939393939394,170.59272727272727,22.055588235294117,2.625294117647059,8
68,46.237297297297296,155.84972972972972,19.106756756756756,2.434054054054054,8
69,62.37026315789474,135.57473684210527,18.751379310344827,2.6413793103448278,8
70,87.08837837837838,112.08351351351351,17.38111111111111,2.5114814814814816,8
71,88.77911764705883,97.80323529411764,17.251612903225805,2.5603225806451615,8
72,101.58970588235294,84.0685294117647,17.692962962962962,2.8877777777777776,8
73,110.28294117647059,65.18264705882353,16.661,3.1043333333333334,8
74,110.913,55.473333333333336,15.061,3.5356666666666667,8
75,115.55892857142857,46.08571428571429,15.7546875,5.3490625,8
76,89.06290322580645,36.818387096774195,15.981428571428571,8.756785714285714,8
77,77.93470588235294,34.88058823529412,14.303333333333333,11.441481481481482,8
78,69.94612903225807,33.26129032258064,14.2384,18.6776,8
79,58.646,30.791333333333334,14.34576923076923,30.514615384615386,8
80,46.22037037037037,29.664444444444445,13.831363636363637,34.42090909090909,8
81,37.30130434782609,28.107391304347825,13.716153846153846,44.392307692307696,8
82,29.8148,25.986,13.8472,57.5292,8
83,23.63269230769231,25.212307692307693,13.900952380952381,72.36952380952381,8
84,19.815555555555555,24.196296296296296,13.8925,88.582,8
85,13.763913043478261,21.863478260869567,13.3155,93.028,8
86,13.344444444444445,22.812592592592594,13.2372,100.4664,8
87,11.301428571428572,21.00952380952381,12.986875,101.620625,8
88,10.452631578947368,22.19157894736842,13.056,96.0695,8
89,9.091666666666667,20.565833333333334,11.770714285714286,76.60071428571429,8
90,8.840588235294117,20.29705882352941,12.111428571428572,75.59357142857142,8
91,7.971666666666667,19.99625,12.066875,64.465625,8
92,7.1499999999999995,19.1275,11.889375,47.635,8
93,6.593636363636364,17.98318181818182,12.271538461538462,30.997692307692308,8
94,6.3995,17.328,12.639166666666666,23.031666666666666,8
95,5.844545454545455,17.002727272727274,14.260769230769231,16.002307692307692,8
96,5.293333333333333,15.8925,14.15,10.838571428571429,8
97,5.212,15.229,14.64125,9.33,8
98,4.49625,13.9625,11.585714285714285,6.314285714285714,8
